timestamp,open,high,low,close,volume,num_trades,tipo
2025-08-19 19:40:00,1002.88,1002.88,1002.33,1002.33,7061,2,bajista
2025-08-19 19:50:00,1020.87,1085.04,1020.87,1085.04,11765,5,alcista
2025-08-19 20:00:00,1071.13,1110.87,1050.1,1110.87,13304,5,alcista
2025-08-19 20:10:00,1128.89,1130.76,1112.98,1114.91,10987,5,bajista
2025-08-19 20:20:00,1125.83,1125.83,1103.69,1103.69,15373,5,bajista
2025-08-19 20:30:00,1123.81,1123.81,1098.92,1115.21,9802,5,bajista
2025-08-19 20:40:00,1101.31,1121.9,1097.51,1121.9,10077,5,alcista
2025-08-19 20:50:00,1110.4,1110.4,1070.55,1090.32,8899,4,bajista
2025-08-19 21:00:00,1072.02,1084.85,1065.45,1084.85,10773,6,alcista
2025-08-19 21:10:00,1100.33,1100.33,1078.57,1078.57,11600,5,bajista
2025-08-19 21:20:00,1065.69,1091.76,1065.69,1091.76,9547,3,alcista
2025-08-19 21:30:00,1072.1,1089.59,1072.1,1087.08,21397,6,alcista
2025-08-19 21:40:00,1096.5,1110.82,1090.65,1090.65,14277,5,bajista
2025-08-19 21:50:00,1102.91,1102.91,1063.28,1063.28,8827,4,bajista
2025-08-19 22:00:00,1056.38,1074.44,1052.17,1056.45,13945,5,alcista
2025-08-19 22:10:00,1045.83,1045.83,1042.75,1042.86,11847,3,bajista
2025-08-19 22:20:00,1025.26,1031.37,1010.88,1031.37,17091,6,alcista
2025-08-19 22:30:00,1032.84,1032.84,1012.92,1012.92,17556,5,bajista
2025-08-19 22:40:00,1001.87,1026.58,1001.87,1026.58,12042,5,alcista
2025-08-19 22:50:00,1030.47,1044.23,1019.28,1019.28,5313,4,bajista
2025-08-19 23:00:00,1011.96,1011.96,971.26,971.26,14319,6,bajista
2025-08-19 23:10:00,965.72,975.54,942.58,942.58,20528,7,bajista
2025-08-19 23:20:00,929.66,933.53,911.47,931.36,22363,6,alcista
2025-08-19 23:30:00,914.93,937.78,914.93,937.78,5383,4,alcista
2025-08-19 23:40:00,932.48,944.58,912.92,930.59,15114,6,bajista
2025-08-19 23:50:00,925.37,969.98,925.37,969.98,7994,5,alcista
2025-08-20 00:00:00,966.99,986.23,951.04,962.97,15484,6,bajista
2025-08-20 00:10:00,971.93,979.47,957.65,957.65,17226,6,bajista
2025-08-20 00:20:00,973.07,973.07,956.53,970.44,19182,6,bajista
2025-08-20 00:30:00,978.41,1006.15,968.32,1006.15,15164,5,alcista
2025-08-20 00:40:00,1019.76,1038.23,1009.49,1009.49,22116,6,bajista
2025-08-20 00:50:00,1027.81,1044.23,1016.11,1016.11,13913,5,bajista
2025-08-20 01:00:00,1032.99,1055.1,1032.99,1055.1,14735,6,alcista
2025-08-20 01:10:00,1072.14,1089.39,1072.14,1081.48,15876,6,alcista
2025-08-20 01:20:00,1067.95,1074.41,1060.97,1071.07,6117,4,alcista
2025-08-20 01:30:00,1064.92,1064.92,1021.97,1021.97,10930,4,bajista
2025-08-20 01:40:00,1005.68,1005.68,971.18,985.55,8159,5,bajista
2025-08-20 01:50:00,998.65,998.65,975.21,975.21,13646,5,bajista
2025-08-20 02:00:00,990.04,1029.3,990.04,1022.94,11423,4,alcista
2025-08-20 02:10:00,1007.84,1015.47,986.01,1015.47,9029,5,alcista
2025-08-20 02:20:00,999.38,1019.08,999.38,1019.08,14577,6,alcista
2025-08-20 02:30:00,1009.17,1041.79,1009.17,1032.35,8703,4,alcista
2025-08-20 02:40:00,1020.22,1020.22,996.1,1010.61,13002,4,bajista
2025-08-20 02:50:00,990.55,990.55,942.0,942.79,11529,6,bajista
2025-08-20 03:00:00,937.59,937.59,920.73,921.31,6598,5,bajista
2025-08-20 03:10:00,935.91,962.41,935.91,944.66,13501,6,alcista
2025-08-20 03:20:00,933.44,945.09,933.44,936.7,10115,4,alcista
2025-08-20 03:30:00,954.93,970.19,954.93,956.13,8199,5,alcista
2025-08-20 03:40:00,964.52,980.92,959.52,959.52,12629,4,bajista
2025-08-20 03:50:00,970.19,1009.3,970.19,1009.3,11505,6,alcista
2025-08-20 04:00:00,1027.16,1036.12,1018.82,1030.27,7416,6,alcista
2025-08-20 04:10:00,1049.64,1049.64,1030.33,1039.56,5329,4,bajista
2025-08-20 04:20:00,1034.88,1034.88,1017.41,1033.31,13138,5,bajista
2025-08-20 04:30:00,1037.51,1065.35,1037.51,1065.35,14852,5,alcista
2025-08-20 04:40:00,1047.08,1067.59,1047.08,1047.83,15164,6,alcista
2025-08-20 04:50:00,1030.96,1088.64,1030.96,1066.56,19046,6,alcista
2025-08-20 05:00:00,1068.8,1076.98,1065.55,1065.55,11992,4,bajista
2025-08-20 05:10:00,1073.8,1108.3,1073.8,1108.3,5979,4,alcista
2025-08-20 05:20:00,1093.83,1108.58,1088.34,1088.34,11166,4,bajista
2025-08-20 05:30:00,1092.3,1092.3,1058.83,1064.85,16938,5,bajista
2025-08-20 05:40:00,1062.64,1080.82,1062.64,1068.05,13807,5,alcista
2025-08-20 05:50:00,1075.51,1075.51,1056.24,1059.77,19971,7,bajista
2025-08-20 06:00:00,1062.09,1077.35,1051.59,1077.35,7842,4,alcista
2025-08-20 06:10:00,1057.33,1075.55,1051.12,1075.55,10534,4,alcista
2025-08-20 06:20:00,1071.27,1082.8,1053.81,1082.8,13661,5,alcista
2025-08-20 06:30:00,1101.42,1101.68,1080.99,1086.97,11331,4,bajista
2025-08-20 06:40:00,1096.23,1096.23,1056.48,1056.48,21231,7,bajista
2025-08-20 06:50:00,1072.8,1072.8,1048.89,1057.52,13134,5,bajista
2025-08-20 07:00:00,1053.53,1087.64,1053.53,1087.64,15217,6,alcista
2025-08-20 07:10:00,1108.73,1108.73,1089.64,1089.64,6152,4,bajista
2025-08-20 07:20:00,1077.81,1077.81,1070.27,1074.3,13392,4,bajista
2025-08-20 07:30:00,1057.81,1060.52,1040.09,1040.09,11205,5,bajista
2025-08-20 07:40:00,1051.88,1051.88,995.6,1006.17,20973,7,bajista
2025-08-20 07:50:00,1009.1,1009.68,982.83,984.65,13757,5,bajista
2025-08-20 08:00:00,967.58,976.67,960.16,976.67,17889,5,alcista
2025-08-20 08:10:00,962.31,966.54,951.4,958.79,13268,5,bajista
2025-08-20 08:20:00,972.31,1022.28,972.31,1015.72,16682,7,alcista
2025-08-20 08:30:00,1013.37,1013.37,994.49,1001.42,11045,4,bajista
2025-08-20 08:40:00,991.82,991.82,972.21,972.21,8753,5,bajista
2025-08-20 08:50:00,960.97,974.06,960.97,968.44,8401,4,alcista
2025-08-20 09:00:00,967.02,967.02,947.04,947.04,17000,6,bajista
2025-08-20 09:10:00,954.54,954.54,941.18,941.18,6938,4,bajista
2025-08-20 09:20:00,955.95,966.46,951.17,951.17,11433,5,bajista
2025-08-20 09:30:00,952.49,973.47,952.49,972.42,12110,5,alcista
2025-08-20 09:40:00,987.21,987.21,962.06,962.06,10273,4,bajista
2025-08-20 09:50:00,977.2,1004.38,977.2,1004.38,5483,4,alcista
2025-08-20 10:00:00,1010.86,1017.95,1010.86,1017.13,10613,3,alcista
2025-08-20 10:10:00,1022.05,1039.46,1016.95,1019.45,13494,5,bajista
2025-08-20 10:20:00,1004.55,1004.55,985.57,986.12,6371,4,bajista
2025-08-20 10:30:00,998.97,1019.72,998.97,1019.72,12552,4,alcista
2025-08-20 10:40:00,1029.26,1039.61,1020.92,1036.76,5707,5,alcista
2025-08-20 10:50:00,1027.97,1047.68,1027.97,1031.2,11173,5,alcista
2025-08-20 11:00:00,1043.63,1071.76,1033.24,1071.76,19265,6,alcista
2025-08-20 11:10:00,1061.37,1069.75,1046.77,1069.75,7546,4,alcista
2025-08-20 11:20:00,1073.79,1092.38,1073.79,1075.32,11274,5,alcista
2025-08-20 11:30:00,1083.59,1083.59,1060.89,1074.44,16299,6,bajista
2025-08-20 11:40:00,1056.32,1056.32,1045.05,1045.77,16052,4,bajista
2025-08-20 11:50:00,1025.39,1049.45,1022.72,1049.45,13608,5,alcista
2025-08-20 12:00:00,1039.75,1086.71,1019.65,1086.71,17452,6,alcista
2025-08-20 12:10:00,1086.52,1101.64,1086.52,1090.96,4430,3,alcista
2025-08-20 12:20:00,1088.16,1093.31,1081.11,1093.31,9528,6,alcista
2025-08-20 12:30:00,1108.32,1137.78,1108.32,1124.29,11903,4,alcista
2025-08-20 12:40:00,1108.25,1138.29,1100.95,1100.95,13876,7,bajista
2025-08-20 12:50:00,1107.67,1139.5,1092.36,1136.71,23163,9,alcista
2025-08-20 13:00:00,1150.04,1150.04,1120.86,1122.74,18879,6,bajista
2025-08-20 13:10:00,1113.71,1116.28,1094.59,1094.59,14036,4,bajista
2025-08-20 13:20:00,1113.32,1113.32,1098.77,1101.4,12166,5,bajista
2025-08-20 13:30:00,1114.81,1123.38,1106.3,1123.38,9512,4,alcista
2025-08-20 13:40:00,1132.31,1140.19,1114.66,1140.19,11123,4,alcista
2025-08-20 13:50:00,1158.32,1158.32,1124.14,1124.14,12211,5,bajista
2025-08-20 14:00:00,1139.6,1185.5,1139.6,1185.5,13593,5,alcista
2025-08-20 14:10:00,1179.1,1199.5,1174.06,1199.5,13575,5,alcista
2025-08-20 14:20:00,1207.31,1207.31,1168.73,1168.73,5906,5,bajista
2025-08-20 14:30:00,1176.32,1182.84,1159.26,1159.26,6114,4,bajista
2025-08-20 14:40:00,1141.46,1141.46,1123.88,1127.12,12672,4,bajista
2025-08-20 14:50:00,1130.72,1130.72,1108.6,1126.23,14658,6,bajista
2025-08-20 15:00:00,1108.65,1124.07,1108.65,1120.37,15432,6,alcista
2025-08-20 15:10:00,1115.34,1115.39,1102.77,1115.39,12841,4,alcista
2025-08-20 15:20:00,1105.98,1123.77,1105.98,1123.77,12882,5,alcista
2025-08-20 15:30:00,1119.69,1119.69,1106.97,1113.17,14664,4,bajista
2025-08-20 15:40:00,1119.43,1134.92,1103.66,1134.92,15397,5,alcista
2025-08-20 15:50:00,1147.9,1147.9,1131.45,1131.45,7471,4,bajista
2025-08-20 16:00:00,1114.28,1153.93,1114.28,1149.11,9669,5,alcista
2025-08-20 16:10:00,1143.92,1143.92,1088.91,1088.91,12889,5,bajista
2025-08-20 16:20:00,1079.59,1079.59,1052.46,1052.46,15937,6,bajista
2025-08-20 16:30:00,1062.33,1082.7,1049.96,1049.96,15875,5,bajista
2025-08-20 16:40:00,1037.69,1057.02,1030.82,1030.82,12096,5,bajista
2025-08-20 16:50:00,1019.25,1030.94,1019.25,1025.33,9252,4,alcista
2025-08-20 17:00:00,1023.19,1063.07,1023.19,1060.31,6859,5,alcista
2025-08-20 17:10:00,1054.07,1054.07,1026.35,1040.74,4576,4,bajista
2025-08-20 17:20:00,1028.89,1029.15,1007.98,1019.3,20622,7,bajista
2025-08-20 17:30:00,1033.14,1070.22,1033.14,1070.22,14331,4,alcista
2025-08-20 17:40:00,1078.92,1118.21,1078.92,1109.03,16088,7,alcista
2025-08-20 17:50:00,1112.63,1139.57,1112.63,1123.37,16029,7,alcista
2025-08-20 18:00:00,1135.11,1146.33,1126.68,1146.33,8851,4,alcista
2025-08-20 18:10:00,1123.56,1123.56,1100.06,1105.04,12771,4,bajista
2025-08-20 18:20:00,1103.86,1103.86,1053.75,1053.75,12569,5,bajista
2025-08-20 18:30:00,1050.92,1077.58,1050.92,1063.59,7892,4,alcista
2025-08-20 18:40:00,1054.52,1054.52,1023.09,1051.73,18638,6,bajista
2025-08-20 18:50:00,1051.24,1081.97,1051.24,1078.7,10246,4,alcista
2025-08-20 19:00:00,1064.23,1072.18,1055.24,1057.65,14565,5,bajista
2025-08-20 19:10:00,1061.36,1068.21,1014.87,1014.87,15299,5,bajista
2025-08-20 19:20:00,1002.07,1002.07,968.41,968.41,11757,4,bajista
2025-08-20 19:30:00,963.98,989.73,963.98,989.73,8698,4,alcista
2025-08-20 19:40:00,974.65,974.65,949.41,949.41,7719,3,bajista
2025-08-20 19:50:00,963.66,978.41,950.41,950.41,9608,5,bajista
2025-08-20 20:00:00,954.88,993.37,954.88,993.37,10486,4,alcista
2025-08-20 20:10:00,1000.77,1019.68,993.52,1004.99,9910,5,alcista
2025-08-20 20:20:00,988.32,990.93,971.51,988.99,13182,5,alcista
2025-08-20 20:30:00,975.0,975.0,960.32,970.38,11207,4,bajista
2025-08-20 20:40:00,981.36,1042.0,981.36,1020.24,19745,7,alcista
2025-08-20 20:50:00,1014.17,1046.28,1014.17,1016.18,13348,6,alcista
2025-08-20 21:00:00,1005.96,1005.96,962.75,962.75,9564,5,bajista
2025-08-20 21:10:00,963.7,986.4,963.7,966.61,14536,6,alcista
2025-08-20 21:20:00,963.63,963.63,949.28,949.28,14587,4,bajista
2025-08-20 21:30:00,958.43,958.43,926.92,941.57,13203,4,bajista
2025-08-20 21:40:00,925.6,932.88,899.35,901.38,13373,6,bajista
2025-08-20 21:50:00,883.95,888.35,863.46,863.46,3992,4,bajista
2025-08-20 22:00:00,856.12,859.83,844.61,844.61,7679,3,bajista
2025-08-20 22:10:00,833.6,833.6,793.2,793.2,16339,6,bajista
2025-08-20 22:20:00,799.62,817.66,799.62,802.44,16798,5,alcista
2025-08-20 22:30:00,793.05,800.88,776.89,776.89,21494,7,bajista
2025-08-20 22:40:00,772.28,772.28,749.16,749.16,23455,8,bajista
2025-08-20 22:50:00,749.4,782.09,749.4,782.09,9153,4,alcista
2025-08-20 23:00:00,783.75,790.35,779.05,788.01,7953,5,alcista
2025-08-20 23:10:00,803.75,821.13,801.64,816.5,11786,7,alcista
2025-08-20 23:20:00,809.84,825.79,809.84,821.05,7106,5,alcista
2025-08-20 23:30:00,815.38,818.08,815.38,817.9,4858,3,alcista
2025-08-20 23:40:00,832.43,843.92,822.6,822.6,20609,6,bajista
2025-08-20 23:50:00,829.57,830.86,811.03,830.86,10033,5,alcista
2025-08-21 00:00:00,836.1,836.1,815.47,827.36,7926,5,bajista
2025-08-21 00:10:00,818.27,824.83,800.74,800.74,15578,5,bajista
2025-08-21 00:20:00,812.79,823.27,812.79,817.29,2810,3,alcista
2025-08-21 00:30:00,814.74,823.0,812.45,817.59,11534,5,alcista
2025-08-21 00:40:00,830.42,830.42,807.85,807.85,4679,4,bajista
2025-08-21 00:50:00,793.8,799.3,778.52,779.33,19934,6,bajista
2025-08-21 01:00:00,793.43,814.39,793.43,811.27,7556,4,alcista
2025-08-21 01:10:00,808.62,815.9,804.83,815.9,14718,5,alcista
2025-08-21 01:20:00,813.16,824.36,813.16,824.36,6853,5,alcista
2025-08-21 01:30:00,821.3,865.05,821.3,857.46,21026,7,alcista
2025-08-21 01:40:00,844.53,844.53,813.69,819.54,15165,6,bajista
2025-08-21 01:50:00,812.63,812.63,804.27,809.37,7918,4,bajista
2025-08-21 02:00:00,813.47,813.61,802.8,808.75,19838,5,bajista
2025-08-21 02:10:00,809.27,833.38,809.27,833.38,7646,5,alcista
2025-08-21 02:20:00,827.07,827.07,806.75,825.59,11822,6,bajista
2025-08-21 02:30:00,830.95,841.22,825.77,838.75,11394,5,alcista
2025-08-21 02:40:00,845.31,882.46,845.31,873.42,12816,5,alcista
2025-08-21 02:50:00,882.35,896.28,879.85,879.85,9033,4,bajista
2025-08-21 03:00:00,878.4,889.64,878.4,888.6,13685,4,alcista
2025-08-21 03:10:00,902.77,902.77,873.58,887.73,18373,6,bajista
2025-08-21 03:20:00,900.69,916.02,893.58,893.58,12993,4,bajista
2025-08-21 03:30:00,902.19,921.06,894.05,921.06,16274,5,alcista
2025-08-21 03:40:00,904.64,904.64,877.56,880.89,13875,6,bajista
2025-08-21 03:50:00,893.7,901.17,864.56,864.56,13768,5,bajista
2025-08-21 04:00:00,867.43,867.43,851.55,852.86,14711,5,bajista
2025-08-21 04:10:00,849.46,869.21,849.43,856.23,14170,6,alcista
2025-08-21 04:20:00,870.4,880.52,857.15,880.52,15134,6,alcista
2025-08-21 04:30:00,877.49,877.49,858.18,858.81,10726,4,bajista
2025-08-21 04:40:00,859.12,859.12,825.97,833.47,25621,6,bajista
2025-08-21 04:50:00,817.91,817.91,811.42,811.42,12656,4,bajista
2025-08-21 05:00:00,818.88,847.21,817.25,847.21,12834,6,alcista
2025-08-21 05:10:00,843.39,843.39,812.52,812.52,10707,5,bajista
2025-08-21 05:20:00,796.57,804.36,791.37,795.98,8733,5,bajista
2025-08-21 05:30:00,783.76,783.76,755.83,755.83,4082,4,bajista
2025-08-21 05:40:00,753.69,777.61,753.69,757.54,12942,5,alcista
2025-08-21 05:50:00,749.15,780.57,749.15,780.57,17241,6,alcista
2025-08-21 06:00:00,795.87,797.77,779.93,785.15,15299,5,bajista
2025-08-21 06:10:00,800.06,800.06,763.77,763.77,13432,5,bajista
2025-08-21 06:20:00,762.61,762.61,723.23,723.23,12962,5,bajista
2025-08-21 06:30:00,733.13,762.51,733.13,762.51,9384,5,alcista
2025-08-21 06:40:00,747.97,757.15,732.3,732.3,9022,5,bajista
2025-08-21 06:50:00,746.29,758.56,746.29,750.36,15142,6,alcista
2025-08-21 07:00:00,761.95,761.95,747.3,760.95,10796,5,bajista
2025-08-21 07:10:00,761.6,761.6,733.75,751.57,17002,6,bajista
2025-08-21 07:20:00,764.75,778.01,761.64,761.64,12049,5,bajista
2025-08-21 07:30:00,770.71,770.71,742.85,753.28,10652,4,bajista
2025-08-21 07:40:00,744.6,757.45,744.6,751.43,17412,5,alcista
2025-08-21 07:50:00,754.35,763.05,754.35,754.96,7553,3,alcista
2025-08-21 08:00:00,760.29,766.76,749.5,766.76,8975,5,alcista
2025-08-21 08:10:00,766.61,778.54,766.61,767.41,8843,4,alcista
2025-08-21 08:20:00,782.38,782.38,757.58,757.58,13780,5,bajista
2025-08-21 08:30:00,752.88,752.88,722.11,722.11,12867,5,bajista
2025-08-21 08:40:00,726.47,742.12,726.47,742.12,4959,3,alcista
2025-08-21 08:50:00,734.16,743.48,726.66,738.93,6446,5,alcista
2025-08-21 09:00:00,751.41,751.41,734.37,734.37,14982,6,bajista
2025-08-21 09:10:00,720.57,733.3,720.57,726.37,8007,5,alcista
2025-08-21 09:20:00,716.98,725.1,715.19,725.1,14703,5,alcista
2025-08-21 09:30:00,715.3,717.88,702.76,702.76,9668,4,bajista
2025-08-21 09:40:00,716.5,727.8,715.73,717.1,10058,4,alcista
2025-08-21 09:50:00,727.96,727.96,697.59,697.59,24972,8,bajista
2025-08-21 10:00:00,684.2,699.4,684.2,697.38,12996,4,alcista
2025-08-21 10:10:00,691.23,702.27,688.27,693.69,20513,7,alcista
2025-08-21 10:20:00,706.25,742.61,706.25,742.61,22839,6,alcista
2025-08-21 10:30:00,738.84,750.88,722.99,722.99,19655,6,bajista
2025-08-21 10:40:00,729.52,729.52,714.58,714.58,15423,5,bajista
2025-08-21 10:50:00,706.98,711.72,687.47,690.87,19010,6,bajista
2025-08-21 11:00:00,688.01,696.12,677.67,696.12,15046,5,alcista
2025-08-21 11:10:00,703.5,712.95,703.5,706.7,10495,4,alcista
2025-08-21 11:20:00,697.77,714.32,697.77,714.32,11052,6,alcista
2025-08-21 11:30:00,727.15,728.73,719.02,719.02,10583,4,bajista
2025-08-21 11:40:00,707.26,714.37,704.56,704.56,16130,6,bajista
2025-08-21 11:50:00,703.71,703.71,683.84,685.53,7523,4,bajista
2025-08-21 12:00:00,696.03,698.61,685.49,695.76,20179,7,bajista
2025-08-21 12:10:00,699.2,737.46,699.2,737.46,16690,6,alcista
2025-08-21 12:20:00,749.16,753.11,742.77,753.11,12694,4,alcista
2025-08-21 12:30:00,740.58,774.77,740.58,774.77,12243,5,alcista
2025-08-21 12:40:00,784.8,791.55,778.3,778.3,4048,3,bajista
2025-08-21 12:50:00,780.82,812.66,777.27,812.66,14781,5,alcista
2025-08-21 13:00:00,816.68,818.35,800.21,815.81,11934,6,bajista
2025-08-21 13:10:00,825.63,825.63,808.01,816.54,10604,4,bajista
2025-08-21 13:20:00,811.79,825.92,811.79,822.76,11797,4,alcista
2025-08-21 13:30:00,806.41,825.8,806.41,818.51,12243,5,alcista
2025-08-21 13:40:00,816.32,816.32,805.85,806.87,9615,4,bajista
2025-08-21 13:50:00,803.05,813.97,796.56,809.4,18259,7,alcista
2025-08-21 14:00:00,806.42,806.42,801.05,802.61,9462,4,bajista
2025-08-21 14:10:00,798.43,808.56,798.43,800.68,11752,4,alcista
2025-08-21 14:20:00,797.25,797.25,782.64,785.94,10067,5,bajista
2025-08-21 14:30:00,779.3,779.3,749.37,749.37,9155,5,bajista
2025-08-21 14:40:00,759.21,759.21,742.23,742.23,15416,5,bajista
2025-08-21 14:50:00,733.94,756.72,733.94,744.42,12728,5,alcista
2025-08-21 15:00:00,756.58,756.58,737.03,737.03,13080,5,bajista
2025-08-21 15:10:00,722.49,722.49,706.47,706.47,8721,4,bajista
2025-08-21 15:20:00,720.29,736.71,720.29,736.71,9499,4,alcista
2025-08-21 15:30:00,739.1,747.37,738.02,738.02,15440,5,bajista
2025-08-21 15:40:00,731.02,754.07,731.02,752.58,9140,4,alcista
2025-08-21 15:50:00,742.87,748.75,741.9,745.25,9304,5,alcista
2025-08-21 16:00:00,746.38,757.05,735.53,735.53,11118,5,bajista
2025-08-21 16:10:00,722.83,722.83,709.51,721.17,18547,7,bajista
2025-08-21 16:20:00,718.31,729.27,707.82,707.82,11164,4,bajista
2025-08-21 16:30:00,705.32,705.32,693.25,698.02,9647,4,bajista
2025-08-21 16:40:00,705.95,705.95,686.39,698.1,11985,6,bajista
2025-08-21 16:50:00,696.45,701.35,692.36,692.36,16724,5,bajista
2025-08-21 17:00:00,702.59,734.89,702.59,734.89,19061,6,alcista
2025-08-21 17:10:00,721.01,731.03,718.26,721.31,13470,5,alcista
2025-08-21 17:20:00,709.11,727.84,709.11,724.51,17956,7,alcista
2025-08-21 17:30:00,715.27,715.27,697.17,697.17,16545,5,bajista
2025-08-21 17:40:00,708.52,708.52,690.98,690.98,14342,5,bajista
2025-08-21 17:50:00,679.71,706.37,679.71,706.37,16336,5,alcista
2025-08-21 18:00:00,693.57,708.01,693.57,708.01,17009,4,alcista
2025-08-21 18:10:00,703.13,736.21,703.13,736.21,6384,5,alcista
2025-08-21 18:20:00,738.39,752.75,728.59,728.59,9552,4,bajista
2025-08-21 18:30:00,730.55,731.46,720.97,731.46,11930,4,alcista
2025-08-21 18:40:00,739.65,739.65,725.26,733.51,12273,6,bajista
2025-08-21 18:50:00,744.92,744.92,725.32,744.66,10670,5,bajista
2025-08-21 19:00:00,749.86,755.78,738.74,755.78,15285,6,alcista
2025-08-21 19:10:00,741.31,741.31,725.38,733.88,10999,5,bajista
2025-08-21 19:20:00,733.68,749.75,733.68,749.75,8714,4,alcista
2025-08-21 19:30:00,738.63,769.94,731.85,769.94,8194,6,alcista
2025-08-21 19:40:00,774.35,803.85,774.35,803.85,12605,4,alcista
2025-08-21 19:50:00,809.66,822.7,794.18,809.2,15337,7,bajista
2025-08-21 20:00:00,810.16,828.63,810.16,813.17,9861,4,alcista
2025-08-21 20:10:00,821.62,821.62,798.83,798.83,14334,4,bajista
2025-08-21 20:20:00,809.09,810.5,765.42,765.42,12588,6,bajista
2025-08-21 20:30:00,772.38,807.17,772.38,807.17,9386,4,alcista
2025-08-21 20:40:00,817.24,836.71,814.19,836.71,10521,6,alcista
2025-08-21 20:50:00,825.28,853.45,825.28,853.45,13621,5,alcista
2025-08-21 21:00:00,847.43,851.54,831.96,851.54,15934,6,alcista
2025-08-21 21:10:00,838.29,851.79,825.18,851.79,15910,5,alcista
2025-08-21 21:20:00,860.16,905.74,860.16,905.74,9194,7,alcista
2025-08-21 21:30:00,891.39,897.71,885.05,897.71,8031,5,alcista
2025-08-21 21:40:00,910.37,948.02,910.37,948.02,6927,4,alcista
2025-08-21 21:50:00,933.06,941.7,928.05,934.9,6924,5,alcista
2025-08-21 22:00:00,947.58,947.58,934.12,934.12,11391,5,bajista
2025-08-21 22:10:00,949.57,986.68,949.57,977.1,8432,5,alcista
2025-08-21 22:20:00,957.78,961.41,944.75,959.91,20841,5,alcista
2025-08-21 22:30:00,965.14,1009.02,965.14,1009.02,7717,4,alcista
2025-08-21 22:40:00,1020.61,1027.51,1003.2,1027.51,17425,6,alcista
2025-08-21 22:50:00,1034.12,1039.51,1019.55,1030.89,16604,5,bajista
2025-08-21 23:00:00,1030.42,1054.72,1024.1,1054.72,14020,6,alcista
2025-08-21 23:10:00,1063.07,1073.15,1046.12,1046.12,9092,5,bajista
2025-08-21 23:20:00,1049.68,1049.68,1034.15,1034.15,12810,4,bajista
2025-08-21 23:30:00,1035.25,1040.22,1015.38,1040.22,13119,6,alcista
2025-08-21 23:40:00,1048.87,1048.87,1033.47,1045.68,8743,3,bajista
2025-08-21 23:50:00,1056.2,1056.24,1043.69,1052.11,13290,6,bajista
2025-08-22 00:00:00,1056.95,1070.86,1050.2,1063.06,12450,7,alcista
2025-08-22 00:10:00,1064.96,1064.96,1033.55,1046.06,17660,6,bajista
2025-08-22 00:20:00,1059.79,1059.79,1013.6,1039.5,10855,6,bajista
2025-08-22 00:30:00,1043.95,1057.21,1043.37,1044.88,14386,5,alcista
2025-08-22 00:40:00,1030.05,1041.99,1027.93,1041.99,9159,3,alcista
2025-08-22 00:50:00,1057.59,1057.59,1017.31,1017.31,16945,6,bajista
2025-08-22 01:00:00,1014.71,1040.1,1014.71,1031.9,12413,6,alcista
2025-08-22 01:10:00,1044.56,1044.56,1013.18,1014.16,15718,5,bajista
2025-08-22 01:20:00,997.03,997.03,979.9,979.9,10974,4,bajista
2025-08-22 01:30:00,980.7,980.82,948.45,948.45,9623,4,bajista
2025-08-22 01:40:00,932.39,950.26,932.39,938.69,6094,3,alcista
2025-08-22 01:50:00,946.78,983.81,946.78,983.81,14206,5,alcista
2025-08-22 02:00:00,984.98,984.98,953.89,953.89,9953,4,bajista
2025-08-22 02:10:00,971.73,996.44,959.09,996.44,12136,4,alcista
2025-08-22 02:20:00,982.15,986.52,973.82,986.52,13136,5,alcista
2025-08-22 02:30:00,1002.45,1003.44,979.16,979.16,16740,5,bajista
2025-08-22 02:40:00,968.86,981.43,968.86,972.54,8177,4,alcista
2025-08-22 02:50:00,970.31,984.43,970.31,983.47,9342,6,alcista
2025-08-22 03:00:00,977.96,985.36,914.79,914.79,11958,6,bajista
2025-08-22 03:10:00,921.06,931.33,914.82,914.82,17039,6,bajista
2025-08-22 03:20:00,932.44,952.53,924.7,952.53,16796,5,alcista
2025-08-22 03:30:00,955.3,967.67,939.42,939.42,14440,4,bajista
2025-08-22 03:40:00,946.35,946.35,940.01,945.59,9134,4,bajista
2025-08-22 03:50:00,953.36,966.69,946.76,966.69,10430,5,alcista
2025-08-22 04:00:00,952.55,952.55,931.94,945.86,12593,5,bajista
2025-08-22 04:10:00,933.91,943.07,920.14,943.07,16374,5,alcista
2025-08-22 04:20:00,950.8,973.37,950.8,960.04,14276,6,alcista
2025-08-22 04:30:00,949.45,949.45,927.85,927.85,16530,5,bajista
2025-08-22 04:40:00,913.33,915.33,892.86,892.86,11972,5,bajista
2025-08-22 04:50:00,880.47,899.86,878.43,878.43,11405,6,bajista
2025-08-22 05:00:00,862.67,867.86,852.17,852.17,13657,5,bajista
2025-08-22 05:10:00,867.39,872.22,862.37,872.22,9367,4,alcista
2025-08-22 05:20:00,860.66,860.66,843.57,853.08,12381,5,bajista
2025-08-22 05:30:00,867.33,894.32,867.33,894.32,14211,4,alcista
2025-08-22 05:40:00,891.84,891.84,870.54,880.59,19289,6,bajista
2025-08-22 05:50:00,879.06,879.06,860.54,860.54,11488,4,bajista
2025-08-22 06:00:00,876.99,900.65,876.99,900.65,5802,4,alcista
2025-08-22 06:10:00,892.76,892.76,867.09,867.09,15373,5,bajista
2025-08-22 06:20:00,877.87,896.63,877.87,884.8,12437,5,alcista
2025-08-22 06:30:00,875.44,889.36,864.37,888.36,18586,7,alcista
2025-08-22 06:40:00,885.36,899.36,878.26,878.26,9234,5,bajista
2025-08-22 06:50:00,891.74,892.84,878.47,886.06,18490,6,bajista
2025-08-22 07:00:00,886.55,886.55,860.23,860.23,16350,6,bajista
2025-08-22 07:10:00,877.34,908.75,877.34,908.75,9314,4,alcista
2025-08-22 07:20:00,925.5,926.58,903.68,905.54,19733,6,bajista
2025-08-22 07:30:00,887.45,887.45,872.52,875.5,14886,5,bajista
2025-08-22 07:40:00,890.87,898.53,890.87,898.53,6453,5,alcista
2025-08-22 07:50:00,887.71,918.57,887.71,911.86,14241,5,alcista
2025-08-22 08:00:00,917.4,917.4,893.72,893.72,13398,4,bajista
2025-08-22 08:10:00,893.92,894.62,887.86,889.26,12448,4,bajista
2025-08-22 08:20:00,871.82,879.85,857.71,857.71,5301,5,bajista
2025-08-22 08:30:00,874.7,891.74,874.7,876.8,10248,5,alcista
2025-08-22 08:40:00,872.69,886.07,870.24,886.07,19102,5,alcista
2025-08-22 08:50:00,872.13,881.4,855.07,870.97,15437,6,bajista
2025-08-22 09:00:00,858.86,858.86,839.66,856.35,17382,5,bajista
2025-08-22 09:10:00,846.7,850.15,839.37,839.37,11936,4,bajista
2025-08-22 09:20:00,832.33,858.22,832.33,847.79,18614,6,alcista
2025-08-22 09:30:00,848.09,848.09,819.88,829.86,11368,4,bajista
2025-08-22 09:40:00,820.25,856.89,820.25,839.91,18501,6,alcista
2025-08-22 09:50:00,847.69,863.39,847.69,853.17,6586,5,alcista
2025-08-22 10:00:00,844.1,844.1,815.43,818.46,15439,5,bajista
2025-08-22 10:10:00,817.35,856.55,813.8,856.55,17226,6,alcista
2025-08-22 10:20:00,853.32,853.32,838.77,843.02,8575,5,bajista
2025-08-22 10:30:00,826.97,833.55,824.67,824.67,12482,4,bajista
2025-08-22 10:40:00,809.37,809.37,774.88,774.88,7769,5,bajista
2025-08-22 10:50:00,775.09,777.77,760.92,760.92,15205,4,bajista
2025-08-22 11:00:00,769.74,769.74,750.62,755.39,5672,4,bajista
2025-08-22 11:10:00,754.64,762.69,741.95,741.95,12053,4,bajista
2025-08-22 11:20:00,747.55,747.55,696.96,696.96,14825,5,bajista
2025-08-22 11:30:00,705.54,724.2,705.54,724.2,14958,4,alcista
2025-08-22 11:40:00,733.75,745.05,732.93,736.21,8868,5,alcista
2025-08-22 11:50:00,747.38,760.76,741.64,749.67,13715,5,alcista
2025-08-22 12:00:00,739.45,749.64,732.94,732.94,9353,4,bajista
2025-08-22 12:10:00,731.36,748.29,731.36,748.29,12055,4,alcista
2025-08-22 12:20:00,737.78,750.01,721.11,723.5,23322,7,bajista
2025-08-22 12:30:00,715.75,715.75,707.39,707.64,7257,4,bajista
2025-08-22 12:40:00,709.23,709.23,687.57,695.35,15757,5,bajista
2025-08-22 12:50:00,701.51,713.82,700.31,700.48,12104,5,bajista
2025-08-22 13:00:00,713.11,753.45,713.11,753.45,24289,8,alcista
2025-08-22 13:10:00,765.57,796.38,765.57,796.38,9409,4,alcista
2025-08-22 13:20:00,796.86,815.39,793.74,809.19,15418,6,alcista
2025-08-22 13:30:00,813.15,840.92,813.15,840.92,5071,4,alcista
2025-08-22 13:40:00,846.65,859.81,845.55,845.55,13180,4,bajista
2025-08-22 13:50:00,854.97,854.97,837.36,837.36,9565,4,bajista
2025-08-22 14:00:00,852.83,852.83,836.36,843.33,14511,5,bajista
2025-08-22 14:10:00,843.89,856.92,843.89,851.79,15017,5,alcista
2025-08-22 14:20:00,857.16,864.97,849.29,864.97,6996,6,alcista
2025-08-22 14:30:00,875.67,891.8,875.67,891.8,8312,5,alcista
2025-08-22 14:40:00,897.57,906.42,883.51,883.51,13396,5,bajista
2025-08-22 14:50:00,898.16,902.72,880.17,880.17,8631,5,bajista
2025-08-22 15:00:00,894.96,913.83,894.96,913.83,11936,5,alcista
2025-08-22 15:10:00,912.38,929.27,903.92,908.19,12954,5,bajista
2025-08-22 15:20:00,896.97,926.14,894.44,921.72,25291,7,alcista
2025-08-22 15:30:00,920.14,920.14,899.83,901.77,13613,4,bajista
2025-08-22 15:40:00,902.43,902.43,881.24,884.11,14535,5,bajista
2025-08-22 15:50:00,900.77,900.77,864.46,864.46,18773,6,bajista
2025-08-22 16:00:00,854.98,858.92,835.11,835.11,17859,6,bajista
2025-08-22 16:10:00,819.62,839.75,819.62,821.8,21580,7,alcista
2025-08-22 16:20:00,821.73,841.5,821.73,841.5,13933,5,alcista
2025-08-22 16:30:00,836.92,855.75,835.17,855.75,10556,5,alcista
2025-08-22 16:40:00,857.15,876.54,852.77,876.54,10884,4,alcista
2025-08-22 16:50:00,874.25,875.64,851.18,857.34,19370,7,bajista
2025-08-22 17:00:00,852.61,859.49,838.9,838.9,15935,5,bajista
2025-08-22 17:10:00,839.86,847.11,824.09,847.11,10670,4,alcista
2025-08-22 17:20:00,834.5,870.04,834.5,870.04,21165,7,alcista
2025-08-22 17:30:00,876.37,877.71,853.08,853.08,13417,5,bajista
2025-08-22 17:40:00,868.22,868.22,840.71,840.71,9312,4,bajista
2025-08-22 17:50:00,852.52,894.5,852.52,894.5,12729,6,alcista
2025-08-22 18:00:00,905.4,923.99,905.4,911.99,11591,5,alcista
2025-08-22 18:10:00,913.29,914.02,896.28,907.23,17070,4,bajista
2025-08-22 18:20:00,900.21,928.38,900.21,922.22,15120,5,alcista
2025-08-22 18:30:00,916.92,916.92,902.29,910.12,10563,5,bajista
2025-08-22 18:40:00,903.58,903.58,884.65,901.74,11802,4,bajista
2025-08-22 18:50:00,901.52,904.11,876.88,876.88,13909,5,bajista
2025-08-22 19:00:00,871.23,871.23,853.04,862.94,20281,5,bajista
2025-08-22 19:10:00,846.54,876.12,846.54,855.02,14887,5,alcista
2025-08-22 19:20:00,862.92,869.25,845.8,869.25,13850,5,alcista
2025-08-22 19:30:00,864.96,891.12,864.96,891.12,13996,5,alcista
2025-08-22 19:40:00,875.79,895.64,875.79,877.8,8245,4,alcista
2025-08-22 19:50:00,887.8,899.54,882.4,899.54,16491,5,alcista
2025-08-22 20:00:00,908.54,927.55,908.54,916.42,16599,5,alcista
2025-08-22 20:10:00,918.24,918.24,906.21,912.48,4909,5,bajista
2025-08-22 20:20:00,912.76,931.64,896.68,931.64,17127,7,alcista
2025-08-22 20:30:00,945.58,966.18,943.97,966.18,7327,4,alcista
2025-08-22 20:40:00,953.36,987.2,953.36,969.24,10246,7,alcista
2025-08-22 20:50:00,954.42,987.34,954.42,958.24,9421,6,alcista
2025-08-22 21:00:00,969.4,977.74,958.36,977.74,14176,5,alcista
2025-08-22 21:10:00,984.4,996.55,970.04,970.04,16246,5,bajista
2025-08-22 21:20:00,981.51,1006.51,981.51,991.83,8152,4,alcista
2025-08-22 21:30:00,994.15,1020.91,994.15,1016.18,13730,5,alcista
2025-08-22 21:40:00,1033.18,1059.4,1033.18,1038.23,11211,5,alcista
2025-08-22 21:50:00,1029.63,1048.88,1023.94,1032.79,14820,5,alcista
2025-08-22 22:00:00,1028.45,1034.92,1025.87,1025.87,12277,5,bajista
2025-08-22 22:10:00,1017.14,1036.82,1017.14,1036.82,15978,5,alcista
2025-08-22 22:20:00,1051.6,1091.01,1051.6,1091.01,15078,4,alcista
2025-08-22 22:30:00,1103.24,1103.24,1077.25,1077.25,19679,5,bajista
2025-08-22 22:40:00,1056.64,1069.12,1035.82,1069.12,10408,5,alcista
2025-08-22 22:50:00,1075.41,1075.41,1061.63,1074.46,14245,4,bajista
2025-08-22 23:00:00,1076.82,1103.56,1076.82,1103.56,7288,4,alcista
2025-08-22 23:10:00,1102.92,1104.9,1083.01,1090.19,16840,6,bajista
2025-08-22 23:20:00,1080.37,1080.37,1047.56,1047.56,9531,4,bajista
2025-08-22 23:30:00,1052.44,1063.48,1039.56,1063.48,14658,6,alcista
2025-08-22 23:40:00,1075.14,1075.14,1064.02,1074.44,8627,3,bajista
2025-08-22 23:50:00,1094.14,1104.67,1075.73,1097.73,8310,5,alcista
2025-08-23 00:00:00,1091.59,1106.09,1088.16,1088.16,23117,6,bajista
2025-08-23 00:10:00,1092.55,1103.35,1092.55,1094.54,7743,5,alcista
2025-08-23 00:20:00,1102.84,1103.78,1083.04,1103.78,9010,4,alcista
2025-08-23 00:30:00,1117.89,1144.58,1117.89,1141.37,13904,6,alcista
2025-08-23 00:40:00,1130.54,1130.54,1100.02,1100.02,11697,4,bajista
2025-08-23 00:50:00,1089.75,1089.75,1061.93,1061.93,15519,5,bajista
2025-08-23 01:00:00,1041.23,1060.73,1041.23,1053.35,14888,5,alcista
2025-08-23 01:10:00,1063.24,1071.98,1054.09,1054.09,19106,5,bajista
2025-08-23 01:20:00,1067.42,1076.35,1048.73,1076.35,17918,6,alcista
2025-08-23 01:30:00,1092.34,1092.34,1055.0,1055.0,3827,3,bajista
2025-08-23 01:40:00,1073.69,1073.69,1042.53,1042.53,9527,5,bajista
2025-08-23 01:50:00,1050.01,1053.14,1031.11,1053.14,13619,5,alcista
2025-08-23 02:00:00,1071.28,1083.07,1071.28,1075.32,10105,5,alcista
2025-08-23 02:10:00,1088.9,1123.87,1088.9,1123.87,14014,4,alcista
2025-08-23 02:20:00,1117.57,1117.57,1096.97,1096.97,12408,5,bajista
2025-08-23 02:30:00,1078.22,1138.91,1070.17,1138.91,17314,7,alcista
2025-08-23 02:40:00,1151.08,1175.52,1146.07,1175.52,11892,4,alcista
2025-08-23 02:50:00,1179.21,1196.95,1166.52,1196.95,13259,5,alcista
2025-08-23 03:00:00,1207.69,1232.24,1207.69,1232.24,6639,3,alcista
2025-08-23 03:10:00,1239.54,1239.54,1167.64,1167.64,19228,6,bajista
2025-08-23 03:20:00,1159.67,1179.08,1157.2,1157.2,8298,4,bajista
2025-08-23 03:30:00,1162.45,1162.45,1120.95,1120.95,16840,5,bajista
2025-08-23 03:40:00,1141.52,1179.58,1135.26,1179.58,12012,5,alcista
2025-08-23 03:50:00,1162.94,1175.77,1160.38,1173.15,12076,4,alcista
2025-08-23 04:00:00,1183.33,1214.33,1183.33,1214.33,6249,5,alcista
2025-08-23 04:10:00,1235.83,1285.12,1235.83,1258.87,19016,7,alcista
2025-08-23 04:20:00,1235.11,1235.11,1183.57,1197.73,17049,6,bajista
2025-08-23 04:30:00,1187.32,1231.62,1187.32,1218.69,13082,7,alcista
2025-08-23 04:40:00,1220.62,1272.16,1220.62,1272.16,18907,7,alcista
2025-08-23 04:50:00,1272.14,1285.75,1261.1,1269.58,10310,5,bajista
2025-08-23 05:00:00,1261.0,1285.18,1261.0,1261.27,15124,7,alcista
2025-08-23 05:10:00,1238.53,1259.88,1216.47,1259.88,25832,7,alcista
2025-08-23 05:20:00,1238.46,1238.46,1213.57,1213.57,16464,6,bajista
2025-08-23 05:30:00,1218.86,1237.5,1218.86,1237.5,15874,4,alcista
2025-08-23 05:40:00,1251.9,1255.25,1232.81,1232.81,11361,5,bajista
2025-08-23 05:50:00,1256.63,1256.63,1192.79,1192.79,16044,6,bajista
2025-08-23 06:00:00,1215.26,1225.74,1202.2,1216.18,14094,5,alcista
2025-08-23 06:10:00,1202.59,1202.59,1145.04,1145.04,18081,5,bajista
2025-08-23 06:20:00,1122.93,1143.6,1122.93,1143.6,6838,5,alcista
2025-08-23 06:30:00,1123.12,1124.11,1102.99,1110.66,9490,4,bajista
2025-08-23 06:40:00,1094.34,1094.34,1073.98,1077.05,13199,5,bajista
2025-08-23 06:50:00,1083.63,1101.37,1078.02,1078.02,9795,4,bajista
2025-08-23 07:00:00,1089.43,1089.43,1030.93,1030.93,10649,5,bajista
2025-08-23 07:10:00,1023.88,1064.12,1006.99,1064.12,13472,7,alcista
2025-08-23 07:20:00,1054.35,1054.35,1015.99,1024.47,12042,4,bajista
2025-08-23 07:30:00,1032.02,1059.58,1032.02,1038.81,21003,7,alcista
2025-08-23 07:40:00,1048.37,1058.78,1017.89,1017.89,15738,5,bajista
2025-08-23 07:50:00,1000.45,1000.45,963.97,963.97,13367,5,bajista
2025-08-23 08:00:00,971.5,982.46,950.1,950.1,11082,5,bajista
2025-08-23 08:10:00,960.5,981.16,960.5,981.16,11266,4,alcista
2025-08-23 08:20:00,970.36,986.91,968.56,984.96,10867,4,alcista
2025-08-23 08:30:00,993.73,993.73,982.32,991.77,9202,3,bajista
2025-08-23 08:40:00,981.82,981.82,954.66,954.66,12663,5,bajista
2025-08-23 08:50:00,963.95,975.7,948.77,960.68,21527,7,bajista
2025-08-23 09:00:00,965.24,990.51,965.24,972.95,20215,8,alcista
2025-08-23 09:10:00,990.45,1000.99,990.45,1000.99,13936,4,alcista
2025-08-23 09:20:00,1012.3,1012.3,1003.47,1006.27,7163,4,bajista
2025-08-23 09:30:00,1010.47,1047.11,1010.47,1047.11,12297,4,alcista
2025-08-23 09:40:00,1038.51,1038.51,1003.07,1015.07,16083,5,bajista
2025-08-23 09:50:00,1032.37,1040.89,1026.64,1040.89,8585,3,alcista
2025-08-23 10:00:00,1046.08,1069.74,1034.08,1069.74,10687,4,alcista
2025-08-23 10:10:00,1077.08,1110.05,1077.08,1107.32,15884,6,alcista
2025-08-23 10:20:00,1110.03,1110.03,1105.1,1107.74,10330,4,bajista
2025-08-23 10:30:00,1095.12,1122.9,1092.59,1116.81,14489,5,alcista
2025-08-23 10:40:00,1100.13,1129.08,1097.16,1111.97,12889,6,alcista
2025-08-23 10:50:00,1095.64,1097.67,1088.26,1088.26,9032,5,bajista
2025-08-23 11:00:00,1109.49,1117.01,1095.27,1103.92,13332,5,bajista
2025-08-23 11:10:00,1118.79,1139.89,1118.79,1139.89,8500,5,alcista
2025-08-23 11:20:00,1122.73,1125.35,1111.93,1111.93,11880,4,bajista
2025-08-23 11:30:00,1120.9,1163.82,1120.9,1156.28,27938,8,alcista
2025-08-23 11:40:00,1156.7,1168.93,1146.56,1146.56,10679,4,bajista
2025-08-23 11:50:00,1130.67,1130.67,1115.77,1118.99,8356,4,bajista
2025-08-23 12:00:00,1118.11,1137.81,1104.3,1104.3,12646,6,bajista
2025-08-23 12:10:00,1082.91,1082.91,1029.35,1029.35,14866,6,bajista
2025-08-23 12:20:00,1024.81,1024.81,1010.86,1024.81,13774,4,alcista
2025-08-23 12:30:00,1010.03,1010.03,963.34,963.34,15272,5,bajista
2025-08-23 12:40:00,979.85,979.85,952.61,952.61,5798,3,bajista
2025-08-23 12:50:00,955.95,961.23,950.29,951.3,10320,4,bajista
2025-08-23 13:00:00,941.61,951.23,932.42,951.23,11408,5,alcista
2025-08-23 13:10:00,967.3,984.13,967.3,984.13,16601,6,alcista
2025-08-23 13:20:00,983.39,996.6,959.6,959.6,9201,4,bajista
2025-08-23 13:30:00,946.74,956.12,939.71,956.12,11509,4,alcista
2025-08-23 13:40:00,937.93,938.83,924.71,938.83,9802,4,alcista
2025-08-23 13:50:00,932.13,932.13,913.88,913.88,4073,3,bajista
2025-08-23 14:00:00,916.82,962.15,912.43,962.15,19147,7,alcista
2025-08-23 14:10:00,971.42,972.05,936.78,936.78,16518,5,bajista
2025-08-23 14:20:00,925.88,927.24,910.79,927.24,11525,4,alcista
2025-08-23 14:30:00,944.2,944.2,942.46,942.46,7668,3,bajista
2025-08-23 14:40:00,932.09,939.2,914.38,926.98,16944,6,bajista
2025-08-23 14:50:00,937.25,959.72,937.25,959.72,8546,3,alcista
2025-08-23 15:00:00,943.99,943.99,920.32,936.93,12232,6,bajista
2025-08-23 15:10:00,926.02,936.12,917.22,921.65,14473,6,bajista
2025-08-23 15:20:00,929.93,929.93,893.33,893.33,13773,6,bajista
2025-08-23 15:30:00,879.41,883.13,867.37,883.13,16942,5,alcista
2025-08-23 15:40:00,900.22,908.29,893.95,893.95,9564,5,bajista
2025-08-23 15:50:00,891.11,922.2,891.11,922.2,13794,5,alcista
2025-08-23 16:00:00,912.74,912.74,888.52,903.24,15923,5,bajista
2025-08-23 16:10:00,906.67,910.77,893.6,893.6,8059,3,bajista
2025-08-23 16:20:00,891.12,917.22,891.12,917.22,15782,5,alcista
2025-08-23 16:30:00,929.8,935.86,919.92,928.04,12637,6,bajista
2025-08-23 16:40:00,943.31,943.31,908.84,908.84,7111,5,bajista
2025-08-23 16:50:00,921.2,928.88,913.17,913.17,9651,5,bajista
2025-08-23 17:00:00,917.38,929.04,909.63,929.04,23068,6,alcista
2025-08-23 17:10:00,920.12,920.12,893.85,893.85,7608,4,bajista
2025-08-23 17:20:00,897.19,899.14,881.07,899.14,11840,5,alcista
2025-08-23 17:30:00,897.16,903.02,895.36,903.02,13583,4,alcista
2025-08-23 17:40:00,898.66,939.97,898.66,939.97,12462,5,alcista
2025-08-23 17:50:00,956.33,960.84,953.34,953.34,17929,6,bajista
2025-08-23 18:00:00,946.67,969.16,946.67,949.97,12583,4,alcista
2025-08-23 18:10:00,959.53,1000.8,959.53,1000.8,13793,5,alcista
2025-08-23 18:20:00,1000.53,1007.42,975.96,1007.42,25872,8,alcista
2025-08-23 18:30:00,1011.62,1040.98,993.08,1040.98,14018,6,alcista
2025-08-23 18:40:00,1022.2,1026.17,1006.95,1013.26,24866,7,bajista
2025-08-23 18:50:00,1007.31,1008.48,1003.76,1008.48,8181,3,alcista
2025-08-23 19:00:00,996.8,996.8,978.84,978.84,12810,4,bajista
2025-08-23 19:10:00,962.02,962.02,937.23,937.23,9803,5,bajista
2025-08-23 19:20:00,940.11,960.84,940.11,945.2,8191,5,alcista
2025-08-23 19:30:00,944.64,992.08,944.64,992.08,11370,4,alcista
2025-08-23 19:40:00,1006.78,1017.8,997.11,1017.8,21697,6,alcista
2025-08-23 19:50:00,1014.49,1041.23,1014.49,1027.94,5210,5,alcista
2025-08-23 20:00:00,1019.13,1029.53,1011.95,1011.95,13174,4,bajista
2025-08-23 20:10:00,1022.87,1040.96,1022.87,1040.96,4920,4,alcista
2025-08-23 20:20:00,1031.2,1038.7,1028.89,1038.7,6054,3,alcista
2025-08-23 20:30:00,1048.74,1048.74,1013.62,1013.62,13937,5,bajista
2025-08-23 20:40:00,1025.02,1080.89,1025.02,1080.89,10160,5,alcista
2025-08-23 20:50:00,1076.23,1086.47,1066.21,1086.47,10371,4,alcista
2025-08-23 21:00:00,1083.93,1096.24,1080.48,1085.3,11158,5,alcista
2025-08-23 21:10:00,1095.11,1102.38,1095.11,1102.38,11394,5,alcista
2025-08-23 21:20:00,1099.13,1099.13,1051.06,1051.06,13522,5,bajista
2025-08-23 21:30:00,1053.32,1056.53,1032.85,1056.53,10340,5,alcista
2025-08-23 21:40:00,1039.98,1059.85,1039.98,1055.93,11617,4,alcista
2025-08-23 21:50:00,1049.8,1070.54,1049.48,1070.54,9145,5,alcista
2025-08-23 22:00:00,1076.86,1096.56,1076.86,1096.56,10155,5,alcista
2025-08-23 22:10:00,1079.18,1089.09,1078.33,1089.09,9398,4,alcista
2025-08-23 22:20:00,1101.06,1101.06,1081.14,1095.36,12823,4,bajista
2025-08-23 22:30:00,1099.59,1099.59,1074.72,1075.17,12548,6,bajista
2025-08-23 22:40:00,1077.92,1110.55,1077.92,1110.55,9213,4,alcista
2025-08-23 22:50:00,1105.82,1111.57,1089.95,1091.82,17417,5,bajista
2025-08-23 23:00:00,1077.98,1077.98,1035.36,1043.96,7531,6,bajista
2025-08-23 23:10:00,1049.13,1054.4,1037.4,1054.4,12979,4,alcista
2025-08-23 23:20:00,1044.03,1094.53,1044.03,1094.53,20886,8,alcista
2025-08-23 23:30:00,1086.95,1086.95,1069.28,1086.74,9515,4,bajista
2025-08-23 23:40:00,1089.91,1111.38,1089.91,1095.81,16057,5,alcista
2025-08-23 23:50:00,1101.72,1101.72,1080.35,1080.35,12094,4,bajista
2025-08-24 00:00:00,1060.85,1077.37,1041.58,1077.37,10713,5,alcista
2025-08-24 00:10:00,1069.16,1085.64,1066.25,1067.08,17806,7,bajista
2025-08-24 00:20:00,1075.36,1080.71,1060.97,1060.97,10800,4,bajista
2025-08-24 00:30:00,1073.95,1079.72,1060.04,1060.04,7803,5,bajista
2025-08-24 00:40:00,1050.13,1050.13,1011.22,1025.81,12838,5,bajista
2025-08-24 00:50:00,1008.83,1054.36,1008.83,1049.25,17721,6,alcista
2025-08-24 01:00:00,1061.72,1068.86,1049.05,1068.86,11865,4,alcista
2025-08-24 01:10:00,1065.5,1084.63,1035.67,1035.67,14246,5,bajista
2025-08-24 01:20:00,1044.88,1057.54,1023.01,1023.01,21429,7,bajista
2025-08-24 01:30:00,1040.07,1066.89,1040.07,1059.52,14143,5,alcista
2025-08-24 01:40:00,1051.08,1053.78,1040.46,1053.19,19495,5,alcista
2025-08-24 01:50:00,1038.71,1050.82,1034.33,1041.69,13909,6,alcista
2025-08-24 02:00:00,1036.83,1036.83,1022.16,1033.87,11921,4,bajista
2025-08-24 02:10:00,1039.35,1039.35,1005.73,1006.39,3652,4,bajista
2025-08-24 02:20:00,1004.34,1077.96,1004.34,1077.96,12048,5,alcista
2025-08-24 02:30:00,1060.57,1060.57,1045.77,1045.77,9501,4,bajista
2025-08-24 02:40:00,1048.98,1048.98,1001.89,1001.89,9832,5,bajista
2025-08-24 02:50:00,1006.34,1008.93,982.17,982.17,11039,5,bajista
2025-08-24 03:00:00,989.27,1006.61,982.92,999.34,15331,6,alcista
2025-08-24 03:10:00,988.64,1006.86,988.64,991.68,11622,4,alcista
2025-08-24 03:20:00,980.69,1008.72,980.69,998.81,9963,5,alcista
2025-08-24 03:30:00,1014.81,1033.76,1004.9,1004.9,5628,5,bajista
2025-08-24 03:40:00,995.65,995.65,984.62,989.0,9922,5,bajista
2025-08-24 03:50:00,989.41,993.22,965.49,965.49,14149,5,bajista
2025-08-24 04:00:00,965.45,965.45,941.06,941.06,10365,4,bajista
2025-08-24 04:10:00,958.31,980.87,956.6,956.6,16090,6,bajista
2025-08-24 04:20:00,937.58,942.67,925.35,942.62,14013,6,alcista
2025-08-24 04:30:00,959.59,959.83,948.28,959.83,13073,5,alcista
2025-08-24 04:40:00,960.99,970.76,956.68,970.15,12562,5,alcista
2025-08-24 04:50:00,958.51,982.5,958.51,982.5,15129,4,alcista
2025-08-24 05:00:00,969.25,969.25,948.54,961.49,11237,5,bajista
2025-08-24 05:10:00,969.91,969.91,944.45,957.47,10443,5,bajista
2025-08-24 05:20:00,974.62,991.19,974.62,990.66,12260,5,alcista
2025-08-24 05:30:00,991.96,1036.72,991.96,1036.72,17657,7,alcista
2025-08-24 05:40:00,1030.16,1030.16,999.08,999.08,13683,5,bajista
2025-08-24 05:50:00,996.91,1014.26,996.91,1014.26,7807,4,alcista
2025-08-24 06:00:00,1031.08,1070.36,1031.08,1070.36,10552,5,alcista
2025-08-24 06:10:00,1056.89,1056.89,1011.96,1011.96,12965,7,bajista
2025-08-24 06:20:00,994.85,998.09,994.85,995.67,6706,3,alcista
2025-08-24 06:30:00,990.73,999.7,982.28,996.28,17082,6,alcista
2025-08-24 06:40:00,1011.16,1047.56,1011.16,1032.62,13676,5,alcista
2025-08-24 06:50:00,1020.8,1054.02,1020.8,1044.05,13024,5,alcista
2025-08-24 07:00:00,1040.96,1081.88,1040.96,1081.88,7242,5,alcista
2025-08-24 07:10:00,1097.04,1107.76,1091.41,1091.41,9160,4,bajista
2025-08-24 07:20:00,1079.56,1088.7,1072.28,1085.23,9800,4,alcista
2025-08-24 07:30:00,1103.94,1142.46,1103.94,1142.46,13459,5,alcista
2025-08-24 07:40:00,1163.91,1169.68,1149.48,1153.91,14834,5,bajista
2025-08-24 07:50:00,1166.73,1209.97,1166.73,1209.97,11046,4,alcista
2025-08-24 08:00:00,1191.09,1233.27,1191.09,1212.28,15658,5,alcista
2025-08-24 08:10:00,1191.24,1204.71,1187.77,1187.77,10868,4,bajista
2025-08-24 08:20:00,1203.21,1214.67,1185.81,1185.81,9176,4,bajista
2025-08-24 08:30:00,1169.97,1169.97,1153.62,1153.62,10623,3,bajista
2025-08-24 08:40:00,1174.0,1181.08,1166.34,1170.32,10611,6,bajista
2025-08-24 08:50:00,1182.89,1192.98,1181.23,1186.66,12580,4,alcista
2025-08-24 09:00:00,1198.04,1258.25,1198.04,1244.3,14704,6,alcista
2025-08-24 09:10:00,1226.76,1273.43,1226.76,1273.43,8510,4,alcista
2025-08-24 09:20:00,1284.63,1284.63,1267.4,1281.09,14572,6,bajista
2025-08-24 09:30:00,1271.13,1271.13,1216.32,1224.96,17398,6,bajista
2025-08-24 09:40:00,1234.04,1253.83,1234.04,1234.57,12188,4,alcista
2025-08-24 09:50:00,1238.79,1246.1,1233.09,1246.1,12979,4,alcista
2025-08-24 10:00:00,1251.0,1251.0,1222.38,1222.38,15392,5,bajista
2025-08-24 10:10:00,1212.12,1212.12,1193.05,1196.45,8050,4,bajista
2025-08-24 10:20:00,1180.81,1180.81,1160.13,1176.54,10310,4,bajista
2025-08-24 10:30:00,1172.54,1180.22,1147.03,1147.03,17287,5,bajista
2025-08-24 10:40:00,1130.7,1149.61,1130.7,1149.61,6949,4,alcista
2025-08-24 10:50:00,1163.36,1168.43,1141.28,1146.54,12410,5,bajista
2025-08-24 11:00:00,1168.13,1168.13,1142.33,1142.33,17929,5,bajista
2025-08-24 11:10:00,1153.15,1167.43,1150.05,1150.05,12800,4,bajista
2025-08-24 11:20:00,1170.32,1178.75,1154.89,1178.75,12100,5,alcista
2025-08-24 11:30:00,1156.52,1156.52,1144.23,1153.8,10065,3,bajista
2025-08-24 11:40:00,1152.94,1167.86,1145.13,1145.13,13330,5,bajista
2025-08-24 11:50:00,1126.97,1126.97,1104.97,1106.7,14593,4,bajista
2025-08-24 12:00:00,1098.44,1098.44,1057.7,1057.7,17861,6,bajista
2025-08-24 12:10:00,1075.35,1110.81,1075.35,1110.81,17360,5,alcista
2025-08-24 12:20:00,1105.13,1105.13,1075.51,1096.42,11659,4,bajista
2025-08-24 12:30:00,1084.46,1105.27,1083.11,1105.27,5119,5,alcista
2025-08-24 12:40:00,1100.21,1119.04,1086.89,1119.04,12832,7,alcista
2025-08-24 12:50:00,1140.68,1140.68,1107.41,1107.41,11392,5,bajista
2025-08-24 13:00:00,1097.23,1116.55,1074.05,1116.55,20585,7,alcista
2025-08-24 13:10:00,1108.61,1108.61,1074.93,1081.01,7008,4,bajista
2025-08-24 13:20:00,1095.83,1123.97,1095.83,1123.97,13259,4,alcista
2025-08-24 13:30:00,1101.52,1160.33,1101.52,1160.33,12305,6,alcista
2025-08-24 13:40:00,1137.87,1194.2,1137.06,1194.2,28918,9,alcista
2025-08-24 13:50:00,1205.78,1205.78,1174.01,1174.01,11829,5,bajista
2025-08-24 14:00:00,1181.88,1182.39,1159.7,1159.7,8857,6,bajista
2025-08-24 14:10:00,1162.82,1177.39,1136.97,1138.98,14469,7,bajista
2025-08-24 14:20:00,1157.32,1159.71,1147.51,1154.8,5688,4,bajista
2025-08-24 14:30:00,1160.23,1167.06,1139.99,1167.05,17481,7,alcista
2025-08-24 14:40:00,1176.94,1196.05,1147.14,1163.44,13739,6,bajista
2025-08-24 14:50:00,1181.87,1205.69,1165.17,1165.17,18415,6,bajista
2025-08-24 15:00:00,1173.18,1173.18,1134.37,1134.37,9960,5,bajista
2025-08-24 15:10:00,1130.07,1147.8,1129.47,1129.47,9561,4,bajista
2025-08-24 15:20:00,1136.02,1136.02,1112.71,1112.71,9696,4,bajista
2025-08-24 15:30:00,1109.64,1130.57,1109.64,1130.57,14258,5,alcista
2025-08-24 15:40:00,1139.75,1139.75,1082.88,1098.99,19102,6,bajista
2025-08-24 15:50:00,1116.47,1116.47,1102.91,1102.91,9636,4,bajista
2025-08-24 16:00:00,1108.34,1108.34,1082.81,1082.81,9428,4,bajista
2025-08-24 16:10:00,1087.55,1119.18,1087.55,1119.18,11811,5,alcista
2025-08-24 16:20:00,1131.41,1197.45,1131.41,1197.45,11814,5,alcista
2025-08-24 16:30:00,1207.95,1259.02,1207.95,1259.02,13060,6,alcista
2025-08-24 16:40:00,1244.85,1244.85,1190.78,1190.78,10375,5,bajista
2025-08-24 16:50:00,1169.71,1169.71,1134.08,1134.08,12495,4,bajista
2025-08-24 17:00:00,1126.76,1128.56,1103.99,1103.99,17608,7,bajista
2025-08-24 17:10:00,1113.25,1113.25,1043.24,1043.24,20018,6,bajista
2025-08-24 17:20:00,1043.99,1043.99,1021.39,1033.52,11686,5,bajista
2025-08-24 17:30:00,1035.84,1035.84,1018.83,1018.83,15193,5,bajista
2025-08-24 17:40:00,1004.75,1019.37,996.6,1019.37,7496,5,alcista
2025-08-24 17:50:00,1021.86,1047.1,1021.86,1028.39,14362,5,alcista
2025-08-24 18:00:00,1023.81,1061.37,1023.81,1042.94,13518,5,alcista
2025-08-24 18:10:00,1028.57,1034.04,1014.32,1034.04,9653,5,alcista
2025-08-24 18:20:00,1028.43,1028.43,1007.19,1020.05,13370,5,bajista
2025-08-24 18:30:00,1004.69,1008.24,996.68,1005.88,14951,5,alcista
2025-08-24 18:40:00,999.2,1008.33,985.19,985.19,11800,5,bajista
2025-08-24 18:50:00,985.26,985.26,928.08,928.08,18751,5,bajista
2025-08-24 19:00:00,943.13,943.13,926.95,941.21,10925,5,bajista
2025-08-24 19:10:00,953.08,953.08,913.61,925.34,11220,5,bajista
2025-08-24 19:20:00,925.59,975.27,925.59,965.47,19492,7,alcista
2025-08-24 19:30:00,955.97,955.97,938.96,949.1,18110,6,bajista
2025-08-24 19:40:00,953.66,953.66,924.12,947.09,13578,7,bajista
2025-08-24 19:50:00,945.15,956.33,945.15,956.33,9899,4,alcista
2025-08-24 20:00:00,960.57,960.57,938.79,938.79,8047,4,bajista
2025-08-24 20:10:00,954.32,965.94,941.28,947.36,15615,5,bajista
2025-08-24 20:20:00,958.57,971.15,958.57,971.15,10861,4,alcista
2025-08-24 20:30:00,978.38,986.71,967.57,969.32,17384,5,bajista
2025-08-24 20:40:00,965.54,1005.63,965.54,1005.63,11121,4,alcista
2025-08-24 20:50:00,1002.37,1033.92,1002.37,1033.92,20874,5,alcista
2025-08-24 21:00:00,1050.53,1052.37,1042.86,1044.5,13881,4,bajista
2025-08-24 21:10:00,1033.49,1033.49,991.08,991.08,19372,5,bajista
2025-08-24 21:20:00,977.27,977.27,943.59,943.59,8221,3,bajista
2025-08-24 21:30:00,937.85,953.13,926.26,952.09,11488,6,alcista
2025-08-24 21:40:00,940.49,975.85,940.49,975.85,15432,5,alcista
2025-08-24 21:50:00,977.08,986.87,975.35,975.35,7246,4,bajista
2025-08-24 22:00:00,993.19,993.19,963.77,963.77,15693,4,bajista
2025-08-24 22:10:00,981.98,991.71,975.0,975.0,11302,4,bajista
2025-08-24 22:20:00,956.56,986.41,956.56,986.41,8428,5,alcista
2025-08-24 22:30:00,972.93,974.54,953.69,953.69,14680,5,bajista
2025-08-24 22:40:00,951.08,951.08,931.91,935.46,12351,4,bajista
2025-08-24 22:50:00,943.94,944.71,926.83,936.84,6070,4,bajista
2025-08-24 23:00:00,918.35,928.51,895.94,897.24,14909,6,bajista
2025-08-24 23:10:00,913.25,913.25,876.01,876.01,12615,5,bajista
2025-08-24 23:20:00,878.95,920.07,878.95,920.07,12147,6,alcista
2025-08-24 23:30:00,921.14,930.25,906.45,930.25,16924,6,alcista
2025-08-24 23:40:00,930.95,940.12,927.03,927.03,13889,4,bajista
2025-08-24 23:50:00,916.38,916.38,853.45,853.73,12522,6,bajista
2025-08-25 00:00:00,838.88,853.46,838.88,853.46,8292,3,alcista
2025-08-25 00:10:00,846.15,898.07,846.15,898.07,18717,5,alcista
2025-08-25 00:20:00,890.84,903.69,890.24,901.09,4659,4,alcista
2025-08-25 00:30:00,911.97,933.45,911.97,933.45,15285,6,alcista
2025-08-25 00:40:00,942.6,951.68,916.1,916.1,17188,5,bajista
2025-08-25 00:50:00,908.87,926.41,908.87,925.14,12139,5,alcista
2025-08-25 01:00:00,934.43,934.43,913.29,913.3,17205,6,bajista
2025-08-25 01:10:00,896.75,909.21,896.75,909.21,11705,4,alcista
2025-08-25 01:20:00,903.09,906.77,888.22,891.25,12213,8,bajista
2025-08-25 01:30:00,906.73,915.1,894.46,915.1,16171,5,alcista
2025-08-25 01:40:00,897.31,897.31,840.04,840.04,13925,5,bajista
2025-08-25 01:50:00,855.07,857.02,850.4,857.02,11879,4,alcista
2025-08-25 02:00:00,860.68,868.08,857.27,857.27,12919,4,bajista
2025-08-25 02:10:00,873.33,888.64,873.33,875.97,9622,6,alcista
2025-08-25 02:20:00,881.31,916.51,867.06,916.51,25254,7,alcista
2025-08-25 02:30:00,929.06,932.73,928.67,928.67,11087,3,bajista
2025-08-25 02:40:00,920.75,920.75,901.24,901.24,6755,4,bajista
2025-08-25 02:50:00,912.4,912.4,897.21,900.49,12928,5,bajista
2025-08-25 03:00:00,912.97,944.4,912.97,942.62,16121,5,alcista
2025-08-25 03:10:00,926.57,945.97,926.57,940.82,9772,5,alcista
2025-08-25 03:20:00,951.3,951.3,940.25,943.51,9765,4,bajista
2025-08-25 03:30:00,951.67,961.65,935.65,935.65,21388,5,bajista
2025-08-25 03:40:00,951.04,968.68,951.04,962.23,16182,5,alcista
2025-08-25 03:50:00,950.77,952.7,931.63,931.63,16270,5,bajista
2025-08-25 04:00:00,942.08,942.08,926.33,929.74,3759,4,bajista
2025-08-25 04:10:00,946.69,962.64,946.69,959.64,13686,4,alcista
2025-08-25 04:20:00,951.02,955.46,934.01,942.8,15511,7,bajista
2025-08-25 04:30:00,932.52,963.74,932.52,961.75,12379,5,alcista
2025-08-25 04:40:00,967.23,969.53,949.33,969.53,13502,5,alcista
2025-08-25 04:50:00,981.24,1011.71,981.24,1011.71,17884,6,alcista
2025-08-25 05:00:00,1008.85,1011.92,949.21,949.21,12890,6,bajista
2025-08-25 05:10:00,950.49,978.83,948.73,978.83,7734,4,alcista
2025-08-25 05:20:00,989.59,1008.72,989.17,1006.88,8885,5,alcista
2025-08-25 05:30:00,999.21,999.21,955.43,955.43,11466,4,bajista
2025-08-25 05:40:00,951.6,977.0,951.6,966.91,11036,5,alcista
2025-08-25 05:50:00,949.76,981.22,949.76,975.74,13953,4,alcista
2025-08-25 06:00:00,984.77,1010.02,984.31,1009.28,11326,5,alcista
2025-08-25 06:10:00,1015.08,1020.89,1004.55,1004.55,14820,4,bajista
2025-08-25 06:20:00,1022.16,1052.66,1019.03,1052.66,17186,4,alcista
2025-08-25 06:30:00,1039.63,1058.79,1039.63,1058.79,11682,4,alcista
2025-08-25 06:40:00,1055.08,1083.5,1055.08,1079.33,16434,6,alcista
2025-08-25 06:50:00,1072.74,1072.74,1053.68,1053.68,14624,4,bajista
2025-08-25 07:00:00,1065.92,1078.45,1065.92,1075.73,5585,4,alcista
2025-08-25 07:10:00,1071.52,1089.81,1071.52,1086.36,11014,5,alcista
2025-08-25 07:20:00,1102.65,1141.93,1102.65,1128.7,12901,5,alcista
2025-08-25 07:30:00,1120.89,1120.89,1089.6,1115.29,9709,6,bajista
2025-08-25 07:40:00,1104.55,1104.55,1072.34,1072.34,14048,6,bajista
2025-08-25 07:50:00,1092.46,1100.71,1086.53,1100.71,7344,4,alcista
2025-08-25 08:00:00,1113.71,1148.27,1098.02,1148.27,10535,5,alcista
2025-08-25 08:10:00,1137.61,1139.53,1107.88,1110.79,10178,7,bajista
2025-08-25 08:20:00,1113.88,1134.1,1113.88,1130.3,12925,5,alcista
2025-08-25 08:30:00,1140.97,1157.83,1140.32,1154.48,14986,5,alcista
2025-08-25 08:40:00,1167.98,1247.48,1167.98,1247.48,13907,6,alcista
2025-08-25 08:50:00,1244.08,1305.23,1244.08,1305.23,9690,5,alcista
2025-08-25 09:00:00,1302.1,1302.1,1279.19,1279.19,8987,3,bajista
2025-08-25 09:10:00,1272.48,1323.09,1258.54,1323.09,21334,7,alcista
2025-08-25 09:20:00,1331.5,1338.92,1304.47,1304.47,11713,5,bajista
2025-08-25 09:30:00,1327.99,1351.7,1327.99,1351.7,17172,5,alcista
2025-08-25 09:40:00,1356.03,1383.57,1356.03,1383.57,16831,4,alcista
2025-08-25 09:50:00,1397.92,1422.79,1388.12,1388.12,11215,4,bajista
2025-08-25 10:00:00,1363.28,1379.1,1344.33,1344.33,9545,5,bajista
2025-08-25 10:10:00,1349.06,1349.06,1288.45,1288.45,10436,5,bajista
2025-08-25 10:20:00,1274.42,1274.42,1249.73,1267.95,10655,4,bajista
2025-08-25 10:30:00,1262.37,1262.37,1226.46,1241.04,14024,6,bajista
2025-08-25 10:40:00,1263.14,1263.14,1239.96,1239.96,5045,3,bajista
2025-08-25 10:50:00,1224.73,1253.43,1210.88,1210.88,16269,6,bajista
2025-08-25 11:00:00,1202.89,1242.31,1202.89,1242.31,9904,4,alcista
2025-08-25 11:10:00,1241.93,1252.19,1238.15,1252.19,9109,4,alcista
2025-08-25 11:20:00,1268.46,1284.62,1259.68,1259.68,6325,4,bajista
2025-08-25 11:30:00,1244.21,1298.4,1244.21,1298.4,16093,6,alcista
2025-08-25 11:40:00,1286.55,1322.8,1286.55,1322.8,9174,3,alcista
2025-08-25 11:50:00,1338.35,1338.35,1293.01,1293.01,11310,5,bajista
2025-08-25 12:00:00,1287.54,1301.23,1281.58,1290.93,9681,4,alcista
2025-08-25 12:10:00,1278.24,1287.51,1268.86,1273.71,19796,6,bajista
2025-08-25 12:20:00,1283.45,1329.39,1283.45,1321.24,15353,6,alcista
2025-08-25 12:30:00,1346.04,1346.04,1312.47,1320.12,10261,4,bajista
2025-08-25 12:40:00,1301.86,1315.07,1291.77,1315.07,17063,5,alcista
2025-08-25 12:50:00,1340.56,1348.5,1306.64,1306.64,14442,6,bajista
2025-08-25 13:00:00,1285.65,1296.22,1284.1,1287.27,10487,5,alcista
2025-08-25 13:10:00,1282.06,1321.27,1282.06,1321.27,11203,5,alcista
2025-08-25 13:20:00,1329.35,1364.07,1329.35,1340.14,8917,4,alcista
2025-08-25 13:30:00,1330.09,1330.09,1292.82,1309.52,14001,4,bajista
2025-08-25 13:40:00,1301.9,1343.47,1301.9,1324.55,12736,7,alcista
2025-08-25 13:50:00,1336.07,1392.84,1321.02,1369.41,18432,7,alcista
2025-08-25 14:00:00,1358.24,1380.42,1327.76,1333.56,22732,6,bajista
2025-08-25 14:10:00,1314.29,1343.88,1314.29,1322.34,6766,5,alcista
2025-08-25 14:20:00,1307.05,1350.12,1307.05,1335.86,12407,5,alcista
2025-08-25 14:30:00,1324.42,1347.21,1324.42,1338.77,16165,5,alcista
2025-08-25 14:40:00,1343.18,1364.03,1343.18,1352.55,10733,5,alcista
2025-08-25 14:50:00,1327.52,1327.52,1286.6,1297.84,18206,5,bajista
2025-08-25 15:00:00,1318.85,1321.68,1299.77,1321.68,11538,6,alcista
2025-08-25 15:10:00,1320.24,1320.24,1270.36,1292.66,12510,5,bajista
2025-08-25 15:20:00,1301.76,1311.34,1285.56,1311.34,4843,4,alcista
2025-08-25 15:30:00,1334.83,1334.83,1308.94,1332.2,9856,5,bajista
2025-08-25 15:40:00,1355.41,1380.56,1355.41,1379.81,11151,5,alcista
2025-08-25 15:50:00,1394.38,1394.38,1356.55,1356.55,12122,5,bajista
2025-08-25 16:00:00,1350.08,1371.25,1347.41,1368.81,7359,5,alcista
2025-08-25 16:10:00,1381.42,1440.33,1369.25,1440.33,12262,5,alcista
2025-08-25 16:20:00,1458.97,1462.0,1440.01,1445.72,7556,4,bajista
2025-08-25 16:30:00,1473.45,1473.45,1425.27,1425.27,18195,6,bajista
2025-08-25 16:40:00,1437.48,1437.48,1408.61,1408.61,11224,5,bajista
2025-08-25 16:50:00,1434.51,1452.73,1416.96,1416.96,9554,5,bajista
2025-08-25 17:00:00,1445.28,1457.58,1445.28,1454.29,8249,5,alcista
2025-08-25 17:10:00,1427.61,1439.57,1412.79,1412.79,18149,7,bajista
2025-08-25 17:20:00,1401.74,1401.74,1367.85,1386.08,20874,6,bajista
2025-08-25 17:30:00,1368.39,1370.66,1350.11,1350.11,14975,5,bajista
2025-08-25 17:40:00,1338.52,1338.52,1284.83,1284.83,9184,5,bajista
2025-08-25 17:50:00,1294.21,1294.21,1259.89,1260.87,13635,4,bajista
2025-08-25 18:00:00,1256.35,1273.99,1248.59,1273.99,7633,5,alcista
2025-08-25 18:10:00,1257.05,1281.28,1257.05,1278.65,5738,4,alcista
2025-08-25 18:20:00,1271.77,1271.77,1205.08,1205.08,19163,6,bajista
2025-08-25 18:30:00,1188.24,1188.24,1140.63,1140.63,19011,5,bajista
2025-08-25 18:40:00,1122.01,1137.56,1122.01,1137.56,6447,3,alcista
2025-08-25 18:50:00,1151.41,1162.34,1141.29,1147.83,14860,5,bajista
2025-08-25 19:00:00,1136.83,1150.1,1098.38,1103.82,25200,7,bajista
2025-08-25 19:10:00,1102.57,1102.57,1040.08,1040.08,14544,6,bajista
2025-08-25 19:20:00,1035.28,1079.1,1035.28,1079.1,11088,6,alcista
2025-08-25 19:30:00,1065.5,1067.57,1055.74,1055.74,15023,4,bajista
2025-08-25 19:40:00,1059.23,1102.47,1059.23,1102.47,8344,4,alcista
2025-08-25 19:50:00,1115.73,1128.47,1092.48,1116.44,13002,7,alcista
2025-08-25 20:00:00,1121.67,1144.84,1121.67,1122.88,4090,4,alcista
2025-08-25 20:10:00,1116.88,1118.35,1109.09,1118.35,12207,4,alcista
2025-08-25 20:20:00,1139.51,1148.42,1125.46,1125.46,18451,7,bajista
2025-08-25 20:30:00,1143.6,1173.75,1143.6,1162.66,6378,4,alcista
2025-08-25 20:40:00,1170.52,1174.74,1135.74,1135.74,14600,5,bajista
2025-08-25 20:50:00,1158.21,1162.55,1137.9,1137.9,17760,6,bajista
2025-08-25 21:00:00,1143.79,1180.29,1137.31,1148.03,17054,7,alcista
2025-08-25 21:10:00,1126.49,1127.84,1086.75,1086.75,8431,4,bajista
2025-08-25 21:20:00,1089.22,1089.22,1084.81,1085.48,7549,4,bajista
2025-08-25 21:30:00,1092.44,1092.44,1041.47,1041.47,11272,4,bajista
2025-08-25 21:40:00,1027.01,1027.01,1002.32,1017.13,20504,6,bajista
2025-08-25 21:50:00,1004.73,1004.73,996.02,997.45,10074,4,bajista
2025-08-25 22:00:00,1014.26,1022.59,1003.73,1003.73,12040,5,bajista
2025-08-25 22:10:00,1021.96,1023.28,1009.91,1016.89,6249,4,bajista
2025-08-25 22:20:00,1004.16,1004.16,987.22,997.04,15326,4,bajista
2025-08-25 22:30:00,994.01,1016.35,992.34,992.34,18513,6,bajista
2025-08-25 22:40:00,977.23,1000.37,977.23,1000.37,10328,5,alcista
2025-08-25 22:50:00,982.98,1011.18,982.98,1011.18,9557,3,alcista
2025-08-25 23:00:00,1009.61,1036.75,1009.61,1034.34,13847,5,alcista
2025-08-25 23:10:00,1047.91,1055.89,1023.37,1055.89,13763,5,alcista
2025-08-25 23:20:00,1076.77,1082.88,1071.14,1082.88,8435,5,alcista
2025-08-25 23:30:00,1085.22,1085.22,1058.03,1058.03,12787,4,bajista
2025-08-25 23:40:00,1058.13,1060.65,1053.07,1060.28,20745,5,alcista
2025-08-25 23:50:00,1056.86,1103.69,1056.86,1085.61,13193,6,alcista
2025-08-26 00:00:00,1087.27,1087.27,1070.64,1084.83,10425,4,bajista
2025-08-26 00:10:00,1075.39,1133.76,1075.39,1112.77,17195,6,alcista
2025-08-26 00:20:00,1107.76,1160.26,1107.76,1160.26,12511,5,alcista
2025-08-26 00:30:00,1146.03,1146.03,1131.19,1131.5,12098,4,bajista
2025-08-26 00:40:00,1124.35,1158.96,1120.94,1158.96,8781,5,alcista
2025-08-26 00:50:00,1140.74,1140.74,1117.99,1128.77,10850,4,bajista
2025-08-26 01:00:00,1150.95,1162.02,1140.11,1162.02,19180,7,alcista
2025-08-26 01:10:00,1170.45,1212.78,1170.45,1212.78,12974,6,alcista
2025-08-26 01:20:00,1234.14,1234.14,1169.6,1169.6,18828,5,bajista
2025-08-26 01:30:00,1146.8,1184.98,1146.8,1184.98,17288,4,alcista
2025-08-26 01:40:00,1186.69,1186.69,1163.42,1168.24,15289,5,bajista
2025-08-26 01:50:00,1162.23,1164.98,1133.41,1146.58,11815,5,bajista
2025-08-26 02:00:00,1128.05,1128.05,1108.22,1118.79,12570,4,bajista
2025-08-26 02:10:00,1104.19,1121.56,1098.97,1103.24,16905,8,bajista
2025-08-26 02:20:00,1101.1,1113.77,1074.78,1074.78,15034,6,bajista
2025-08-26 02:30:00,1060.89,1070.12,1043.1,1070.12,17120,5,alcista
2025-08-26 02:40:00,1056.62,1056.62,1034.68,1053.86,10967,5,bajista
2025-08-26 02:50:00,1040.44,1054.58,1027.56,1054.58,13824,4,alcista
2025-08-26 03:00:00,1040.25,1049.96,1032.73,1047.85,18185,5,alcista
2025-08-26 03:10:00,1062.38,1085.45,1062.38,1077.49,5346,4,alcista
2025-08-26 03:20:00,1092.04,1092.04,1067.6,1068.3,13919,4,bajista
2025-08-26 03:30:00,1074.64,1084.94,1069.04,1077.66,9797,4,alcista
2025-08-26 03:40:00,1066.25,1081.93,1066.25,1080.68,12901,6,alcista
2025-08-26 03:50:00,1064.69,1064.69,1021.52,1022.39,11529,6,bajista
2025-08-26 04:00:00,1030.02,1030.02,1001.31,1026.64,13538,6,bajista
2025-08-26 04:10:00,1029.46,1041.58,1029.46,1038.42,12577,4,alcista
2025-08-26 04:20:00,1040.17,1062.41,1040.17,1056.04,7867,4,alcista
2025-08-26 04:30:00,1060.45,1077.6,1060.45,1066.07,10440,4,alcista
2025-08-26 04:40:00,1061.16,1061.16,1032.78,1035.69,12330,5,bajista
2025-08-26 04:50:00,1023.6,1023.6,1002.39,1013.85,5675,4,bajista
2025-08-26 05:00:00,994.68,994.68,949.18,960.82,18649,6,bajista
2025-08-26 05:10:00,958.41,970.41,956.56,963.42,11796,6,alcista
2025-08-26 05:20:00,971.61,979.15,968.76,974.27,9597,5,alcista
2025-08-26 05:30:00,979.12,979.12,963.74,975.76,10855,5,bajista
2025-08-26 05:40:00,982.59,1008.63,982.59,1008.63,15069,5,alcista
2025-08-26 05:50:00,1000.72,1000.72,982.02,987.72,9814,5,bajista
2025-08-26 06:00:00,983.33,988.42,945.13,949.78,12754,6,bajista
2025-08-26 06:10:00,968.6,968.6,958.15,958.15,9832,4,bajista
2025-08-26 06:20:00,972.22,972.22,940.09,971.5,9809,5,bajista
2025-08-26 06:30:00,983.04,983.04,961.04,968.49,11511,5,bajista
2025-08-26 06:40:00,957.43,964.89,948.93,964.89,10263,5,alcista
2025-08-26 06:50:00,968.76,968.76,923.55,926.52,16781,5,bajista
2025-08-26 07:00:00,936.5,936.5,911.06,924.08,8303,5,bajista
2025-08-26 07:10:00,937.12,937.12,910.97,923.74,13648,5,bajista
2025-08-26 07:20:00,917.0,937.5,917.0,928.39,20223,6,alcista
2025-08-26 07:30:00,945.51,963.03,945.51,963.03,4863,4,alcista
2025-08-26 07:40:00,944.65,957.97,928.89,928.89,10875,5,bajista
2025-08-26 07:50:00,928.59,956.22,928.59,955.07,17492,6,alcista
2025-08-26 08:00:00,959.27,959.27,930.8,930.8,9888,4,bajista
2025-08-26 08:10:00,942.0,960.57,940.5,960.57,12848,6,alcista
2025-08-26 08:20:00,976.46,976.46,929.42,940.9,14005,5,bajista
2025-08-26 08:30:00,942.18,950.18,936.35,938.45,8113,4,bajista
2025-08-26 08:40:00,944.92,962.2,928.75,928.75,19578,6,bajista
2025-08-26 08:50:00,924.79,944.79,924.79,944.79,9440,4,alcista
2025-08-26 09:00:00,936.82,950.33,926.46,950.33,15482,6,alcista
2025-08-26 09:10:00,952.43,975.19,952.43,975.19,8902,3,alcista
2025-08-26 09:20:00,973.75,982.12,944.36,944.36,17352,7,bajista
2025-08-26 09:30:00,939.91,955.57,926.32,934.87,14830,7,bajista
2025-08-26 09:40:00,930.73,951.63,919.53,951.63,6836,4,alcista
2025-08-26 09:50:00,933.0,933.0,906.47,913.93,11757,6,bajista
2025-08-26 10:00:00,920.93,946.53,920.93,946.53,7603,4,alcista
2025-08-26 10:10:00,955.49,955.49,928.8,945.07,10917,5,bajista
2025-08-26 10:20:00,928.09,929.79,912.83,920.63,14834,6,bajista
2025-08-26 10:30:00,920.28,948.72,919.77,946.29,13391,6,alcista
2025-08-26 10:40:00,962.64,963.06,930.17,930.17,11698,4,bajista
2025-08-26 10:50:00,919.41,919.41,908.59,908.59,8635,3,bajista
2025-08-26 11:00:00,917.71,931.28,917.71,931.28,11286,4,alcista
2025-08-26 11:10:00,946.9,947.85,926.17,947.85,17976,5,alcista
2025-08-26 11:20:00,939.63,955.99,937.09,937.09,13393,5,bajista
2025-08-26 11:30:00,949.5,949.5,919.48,939.1,14833,6,bajista
2025-08-26 11:40:00,942.48,951.87,938.53,938.53,17139,5,bajista
2025-08-26 11:50:00,928.63,933.98,925.99,925.99,9649,4,bajista
2025-08-26 12:00:00,913.15,921.78,896.36,899.58,23040,5,bajista
2025-08-26 12:10:00,916.74,916.74,873.23,873.23,14566,5,bajista
2025-08-26 12:20:00,864.03,884.76,864.03,884.76,6917,4,alcista
2025-08-26 12:30:00,892.33,908.12,879.26,908.12,18230,6,alcista
2025-08-26 12:40:00,920.79,922.11,899.79,899.79,11690,6,bajista
2025-08-26 12:50:00,916.35,916.35,891.9,891.9,3833,5,bajista
2025-08-26 13:00:00,891.48,909.56,891.48,909.56,12668,4,alcista
2025-08-26 13:10:00,892.06,895.45,877.28,877.28,7573,4,bajista
2025-08-26 13:20:00,875.43,907.41,875.43,907.41,17322,5,alcista
2025-08-26 13:30:00,907.71,916.94,903.66,903.66,17334,6,bajista
2025-08-26 13:40:00,914.42,924.68,914.42,924.68,12233,4,alcista
2025-08-26 13:50:00,915.37,930.76,911.75,914.29,10779,5,bajista
2025-08-26 14:00:00,905.71,921.6,905.71,921.6,9069,5,alcista
2025-08-26 14:10:00,933.41,949.93,933.41,949.93,17534,5,alcista
2025-08-26 14:20:00,934.63,934.63,904.24,907.9,18751,7,bajista
2025-08-26 14:30:00,917.27,934.21,917.27,921.12,1617,4,alcista
2025-08-26 14:40:00,918.77,950.57,918.77,950.57,13732,5,alcista
2025-08-26 14:50:00,941.84,941.84,916.13,916.13,9137,4,bajista
2025-08-26 15:00:00,905.68,938.47,905.68,926.48,11262,4,alcista
2025-08-26 15:10:00,933.86,968.61,929.17,968.61,13337,5,alcista
2025-08-26 15:20:00,987.53,987.53,980.54,980.54,6742,3,bajista
2025-08-26 15:30:00,966.73,975.19,940.68,960.37,26016,8,bajista
2025-08-26 15:40:00,968.01,1007.36,968.01,1007.36,15243,5,alcista
2025-08-26 15:50:00,1022.44,1029.57,1005.23,1005.23,10377,4,bajista
2025-08-26 16:00:00,1012.57,1061.14,1012.57,1061.14,23732,7,alcista
2025-08-26 16:10:00,1075.51,1088.07,1064.67,1067.27,13839,5,bajista
2025-08-26 16:20:00,1082.43,1082.43,1052.99,1067.5,10331,5,bajista
2025-08-26 16:30:00,1080.13,1080.13,1057.19,1057.19,7957,4,bajista
2025-08-26 16:40:00,1059.75,1059.75,1011.61,1027.67,18307,6,bajista
2025-08-26 16:50:00,1028.65,1028.65,997.14,1013.09,14665,6,bajista
2025-08-26 17:00:00,993.18,1044.08,993.18,1044.08,9720,4,alcista
2025-08-26 17:10:00,1064.85,1087.0,1052.23,1087.0,12587,5,alcista
2025-08-26 17:20:00,1072.49,1097.06,1072.49,1093.22,22692,6,alcista
2025-08-26 17:30:00,1106.99,1106.99,1089.14,1089.14,11248,4,bajista
2025-08-26 17:40:00,1097.36,1097.36,1079.02,1093.0,11987,5,bajista
2025-08-26 17:50:00,1091.84,1091.84,1043.63,1047.79,11888,5,bajista
2025-08-26 18:00:00,1027.39,1027.39,1021.4,1025.57,15151,5,bajista
2025-08-26 18:10:00,1032.42,1032.42,972.69,972.69,16811,5,bajista
2025-08-26 18:20:00,981.13,1006.71,981.13,994.09,17696,6,alcista
2025-08-26 18:30:00,990.16,990.16,967.18,967.18,12031,5,bajista
2025-08-26 18:40:00,960.19,962.22,939.15,939.15,14174,7,bajista
2025-08-26 18:50:00,932.16,941.14,930.84,941.14,7797,4,alcista
2025-08-26 19:00:00,927.7,927.7,918.29,921.64,8011,4,bajista
2025-08-26 19:10:00,933.83,942.79,909.83,909.83,8646,5,bajista
2025-08-26 19:20:00,892.21,892.21,846.28,846.28,13383,4,bajista
2025-08-26 19:30:00,833.37,846.43,832.23,845.2,9600,4,alcista
2025-08-26 19:40:00,838.15,839.38,833.0,839.38,4100,3,alcista
2025-08-26 19:50:00,849.68,851.62,831.89,851.62,15736,5,alcista
2025-08-26 20:00:00,867.66,867.66,854.62,854.62,10774,3,bajista
